alpha,coverage,roc,roc_sd,pr,pr_sd
0.0,0.4078069552874379,0.595023867877033,0.05041745272765816,0.8829804491554946,0.021160438993615704
0.0005,0.4076650106458481,0.9716839647785159,0.013770661295037364,0.995103178271815,0.002312217580619405
0.001,0.41305890702625975,0.9957566917255346,0.0006671682318866617,0.9992304038543462,9.713257675148935e-05
0.002,0.4120652945351313,0.9928342789369086,0.003906881994074011,0.9985951925555092,0.0007379665882323133
0.005,0.41958836053938964,0.9937714320419797,0.001403962893310212,0.9981996045846286,0.0006281574836811807
0.01,0.4204400283889283,0.9950796321801004,0.00342765244394009,0.9986618043029193,0.001003396674098568
0.02,0.5114265436479772,0.9998606984546923,6.22681186796839e-05,0.9999781540123768,1.0096383674206505e-05
0.05,0.6352022711142654,0.9998340433053464,6.427662806506903e-05,0.9999742573508764,9.722566260328245e-06
0.2,0.8850248403122782,0.9998104157216984,6.925735183353635e-05,0.9999708015480332,1.0998950572908533e-05
1.0,0.9430801987224983,0.9997152532557396,0.00030649556447172847,0.9999589127436064,4.316248670181147e-05
