split,seed,roc,pr,f1,precision,recall
random,0,0.9928345356520712,0.9767747415652452,0.9126917712691771,0.8541594152453881,0.9798362946695948
random,1,0.993769325612155,0.979572982383948,0.9166589067883416,0.8589877835951134,0.9826312637252945
random,2,0.9939199744297573,0.9798479662469879,0.9163649865404251,0.8563497571131159,0.9854262327809942
Mon+Tue->Wed,0,0.9872120177746342,0.9714218568814578,0.8986439499304589,0.9604236343366778,0.8443319176739628
Mon+Tue->Wed,1,0.9910230519643131,0.9788061555288222,0.9359514579470757,0.9667479108635098,0.9070565174779484
Mon+Tue->Wed,2,0.9909494274033426,0.9784253884414224,0.9288695800323707,0.9706248887306391,0.8905586409670042
Mon+Wed->Tue,0,0.8726196432739276,0.7257989337544335,0.37908882817691797,0.829938570966699,0.24564593301435406
Mon+Wed->Tue,1,0.8682997057499625,0.7174304223488105,0.3835797837122048,0.8294622971683105,0.24947368421052632
Mon+Wed->Tue,2,0.877607311654969,0.7315258409867497,0.3789163287873203,0.8250401284109149,0.24593301435406698
