model,browser,tool,seed,roc,pr,prec,rec
HistGB,chrome,dns2tcp,0,0.9963217876266075,0.9999191771210064,0.9969341133779244,0.9964508020110127
XGBoost,chrome,dns2tcp,0,0.995770318965655,0.9999066304268351,0.9946772921694664,0.9965585348336127
RandomForest,chrome,dns2tcp,0,0.8544778969297789,0.9937303425361464,0.9919054008227297,0.40264543931050994
ExtraTrees,chrome,dns2tcp,0,0.6546669056873053,0.9860927008783518,0.9689009927084249,0.13202058893943022
LogReg,chrome,dns2tcp,0,0.16128307987673504,0.9524858944822966,0.9033666869368124,0.0978034474503232
MLP,chrome,dns2tcp,0,0.7156307160416735,0.9859376133369704,0.9869302295337798,0.45421355039502037
HistGB,chrome,dns2tcp,1,0.9949598182855054,0.9998387137617668,0.993204652520115,0.9981326310749342
XGBoost,chrome,dns2tcp,1,0.9965571158218045,0.9999083951935572,0.9951780194072783,0.998072779506823
RandomForest,chrome,dns2tcp,1,0.868096670242697,0.9942021797392545,0.995741695691236,0.968482164232703
ExtraTrees,chrome,dns2tcp,1,0.5216104037824312,0.9808250424289848,0.9694234258153016,0.13112281541776394
LogReg,chrome,dns2tcp,1,0.18577924753256442,0.9516077682386463,0.8840961098398169,0.09249461335887
MLP,chrome,dns2tcp,1,0.6398779546808482,0.981478818533501,0.9859061022269179,0.5752633468996887
HistGB,chrome,dnscat2,0,0.9875971807567735,0.9987528957211802,0.9746747614917606,0.9987261901235299
XGBoost,chrome,dnscat2,0,0.9892981020650665,0.998954883879168,0.963754379918433,0.99404567941464
RandomForest,chrome,dnscat2,0,0.9693408914049455,0.9969320464105019,0.9532637973522838,0.9854844921053412
ExtraTrees,chrome,dnscat2,0,0.9437809724120712,0.9940887777883356,0.9542723438673523,0.9786118434695026
LogReg,chrome,dnscat2,0,0.682902561538586,0.9460010124240037,0.9504287435334137,0.7945907515478271
MLP,chrome,dnscat2,0,0.8555037908532894,0.9702678748083043,0.9664979025025314,0.9896317800752437
HistGB,chrome,dnscat2,1,0.9999864810973755,0.9999986748376356,0.9966342889197248,1.0
XGBoost,chrome,dnscat2,1,0.9979720796099276,0.9997996300288592,0.9612043182271341,0.9996445181740083
RandomForest,chrome,dnscat2,1,0.9834024200553521,0.9983192304771168,0.9581964168357288,0.9933939627336552
ExtraTrees,chrome,dnscat2,1,0.9369744107214577,0.9933273952610429,0.950652458829563,0.9884172171697722
LogReg,chrome,dnscat2,1,0.7518489201881656,0.9532482358755534,0.9582948161843134,0.7984418046627366
MLP,chrome,dnscat2,1,0.9319086023407813,0.9886343313906639,0.9758393564933551,0.9918831649731907
HistGB,chrome,iodin,0,0.9999732582263302,0.9999981125001693,0.9999778574908108,0.9999114358463412
XGBoost,chrome,iodin,0,0.998903279672243,0.9999202727055001,0.9759551970938656,0.9993357688475589
RandomForest,chrome,iodin,0,0.9888835603725967,0.999164667402848,0.9794077826789536,0.9930477139377837
ExtraTrees,chrome,iodin,0,0.9897689009890009,0.9992509948434816,0.9715528057802968,0.9943761762426658
LogReg,chrome,iodin,0,0.7457572778465937,0.9704580467447668,0.9665970772442589,0.6663345510904461
MLP,chrome,iodin,0,0.9460843713993019,0.9931012709653562,0.9817019205239401,0.9823757334218974
HistGB,chrome,iodin,1,0.999945025225972,0.9999960883752099,0.9969975273754857,0.9998892948079265
XGBoost,chrome,iodin,1,0.999409146562607,0.9999567781556563,0.9744729516863389,0.9998892948079265
RandomForest,chrome,iodin,1,0.9910877171302125,0.9993241361755966,0.9706733468664968,0.9951953946640097
ExtraTrees,chrome,iodin,1,0.9811321339524132,0.9985693210858533,0.9656547465912014,0.9972766522749917
LogReg,chrome,iodin,1,0.7768842075516054,0.9751773825480743,0.9695661975459727,0.6665781025130079
MLP,chrome,iodin,1,0.9638226532915001,0.9955358281537702,0.9851081146477201,0.9915642643639987
HistGB,firefox,dns2tcp,0,0.655706155476788,0.9449762956067571,0.9348552650763209,0.9977795068230788
XGBoost,firefox,dns2tcp,0,0.42841311085767764,0.8996114868971073,0.9306428953706182,0.9991321522623893
RandomForest,firefox,dns2tcp,0,0.4012336546599352,0.9056147357456381,0.9257132722959941,0.9997127124730668
ExtraTrees,firefox,dns2tcp,0,0.36733775955998177,0.9010302203714095,0.8439567802998577,0.241225760114915
LogReg,firefox,dns2tcp,0,0.4041338526586075,0.8801526799241152,0.8880216518246901,0.3043871199425425
MLP,firefox,dns2tcp,0,0.7126447864229287,0.9490962482034074,0.9400011336583154,0.99254847977017
HistGB,firefox,dns2tcp,1,0.6027266433184666,0.9328900816638812,0.9262266403798628,0.9982104381134785
XGBoost,firefox,dns2tcp,1,0.5776030782906085,0.9240894594291873,0.9262364719666387,0.9983540818769452
RandomForest,firefox,dns2tcp,1,0.41778718515484015,0.9111095396366484,0.925579075695445,0.9997007421594446
ExtraTrees,firefox,dns2tcp,1,0.34498749085235264,0.9025287316599506,0.8763793190586094,0.3113538424706727
LogReg,firefox,dns2tcp,1,0.4588642856985082,0.8891111238183895,0.8924597855227882,0.3187814220732583
MLP,firefox,dns2tcp,1,0.6298554720559867,0.9301585687936444,0.935365162709031,0.9979710318410342
HistGB,firefox,dnscat2,0,0.7824394963435599,0.8902353630906138,0.7177851492727737,0.9999703765145007
XGBoost,firefox,dnscat2,0,0.7119514470021442,0.8698829787011666,0.7220439767282683,1.0
RandomForest,firefox,dnscat2,0,0.8619986522049954,0.9422228554157255,0.7103091695684288,0.9970672749355689
ExtraTrees,firefox,dnscat2,0,0.9113863459026966,0.9625229304615708,0.7900183884200104,0.9927126225671713
LogReg,firefox,dnscat2,0,0.7269137228914885,0.7745483920450016,0.8433201212403824,0.8571851764078562
MLP,firefox,dnscat2,0,0.7149227782590865,0.8066458291522618,0.7454279767967055,0.997363509790562
HistGB,firefox,dnscat2,1,0.6293355857974877,0.7828272941184262,0.7176538118117267,1.0
XGBoost,firefox,dnscat2,1,0.6819721863854202,0.8680561167625638,0.7175622821188674,1.0
RandomForest,firefox,dnscat2,1,0.8618574087296522,0.9361743932182054,0.7121894245062645,0.9934828331901532
ExtraTrees,firefox,dnscat2,1,0.9197803476367534,0.9663962887701676,0.7801087438452384,0.9903131202417277
LogReg,firefox,dnscat2,1,0.667743116991554,0.7562918859045591,0.7665081468776799,0.8737743282874663
MLP,firefox,dnscat2,1,0.7160825219480278,0.7999080357324989,0.7394279698192665,0.9986669431525314
HistGB,firefox,iodin,0,0.617451682762133,0.8092864749916058,0.8190509015709465,0.9996900254621942
XGBoost,firefox,iodin,0,0.7052239226613057,0.8914010879462297,0.7728019439405867,0.9999114358463412
RandomForest,firefox,iodin,0,0.8173865811950298,0.9142831626273747,0.7679711304407033,0.9989150891176796
ExtraTrees,firefox,iodin,0,0.9574924425438874,0.9860828649128222,0.833747174146685,0.996213882431086
LogReg,firefox,iodin,0,0.8142884449314739,0.8984321673490263,0.8773332785132801,0.9449130964242223
MLP,firefox,iodin,0,0.8092875920536456,0.8931148284965786,0.8374473659586413,0.9907893280194842
HistGB,firefox,iodin,1,0.5805422613731513,0.8097900877440178,0.7726658340034561,0.9998892948079265
XGBoost,firefox,iodin,1,0.4426944425915009,0.7514620873433496,0.7726852802299322,1.0
RandomForest,firefox,iodin,1,0.8276493642072751,0.9353762413407606,0.7683961299993186,0.9988043839256061
ExtraTrees,firefox,iodin,1,0.9359998372028688,0.9796579327449345,0.8234799766150248,0.9979851655042622
LogReg,firefox,iodin,1,0.6977388767013657,0.8022810537854095,0.8257953163613541,0.9322262814125982
MLP,firefox,iodin,1,0.6216520797451377,0.8134203879174429,0.7792892039467382,0.9005867375179896
