split,model,seed,roc,pr,f1,prec,rec
random,HistGB,0,0.9928732626992272,0.9769200576286484,0.9142431021625652,0.8574925686308795,0.979037732082252
random,XGBoost,0,0.9933677786956001,0.9783917227263667,0.9180680484943293,0.899597624065913,0.9373128368935916
random,RandomForest,0,0.9914207205144769,0.9719321752007299,0.9055612866923005,0.8539087371772197,0.9638650429227391
random,ExtraTrees,0,0.989662784448349,0.9665378054251659,0.8880036215482119,0.8124585818422797,0.979037732082252
random,LogReg,0,0.9740421121656603,0.8982823838767082,0.8315443213296398,0.7340669417698303,0.9588740267518466
random,MLP,0,0.9870903297681171,0.9588351539177541,0.8891642047079005,0.850656455142232,0.9313236174885207
random,HistGB,1,0.9939311454609884,0.9800628723397272,0.9178094971545853,0.8614711033274957,0.9820323417847874
random,XGBoost,1,0.9940425597319088,0.9804102198903902,0.9189612934835865,0.9024249422632794,0.9361149930125774
random,RandomForest,1,0.9920820226050439,0.9740578081283902,0.9120484206544354,0.8664869721473495,0.9626671990417249
random,ExtraTrees,1,0.9904167535356827,0.9684970770613175,0.8897152185742789,0.8151902941665282,0.9792373727290876
random,LogReg,1,0.9744389707532617,0.8932618670733206,0.8363922391190352,0.7438209233639048,0.9552804951088042
random,MLP,1,0.9880282130586442,0.9619481887531408,0.8825537040754868,0.8875429032909348,0.8776202834897185
random,HistGB,2,0.9938894277916261,0.9797640581931684,0.9190649157120239,0.8613826815642458,0.9850269514873228
random,XGBoost,2,0.994042106607332,0.9803631306746092,0.918696800704432,0.9008058326937836,0.9373128368935916
random,RandomForest,2,0.9922332272554601,0.9743910999463272,0.913158892681077,0.8694710236504785,0.9614693551607107
random,ExtraTrees,2,0.9904670745303412,0.9686381253257637,0.8881264108352145,0.8107484338938344,0.9818327011379517
random,LogReg,2,0.9744586665681957,0.8987153562835866,0.8322474155155938,0.7366964011073516,0.9562786983429826
random,MLP,2,0.9894383548663368,0.9656784942508083,0.89586969168121,0.8708765315739868,0.9223397883809143
Mon+Tue→Wed,HistGB,0,0.9876303473061541,0.9738815534460181,0.8935201401050789,0.9630049075122687,0.8333877817706632
Mon+Tue→Wed,XGBoost,0,0.9909344657824711,0.9729992441988025,0.866073883949033,0.9868393565907667,0.7716432538386149
Mon+Tue→Wed,RandomForest,0,0.99424287766445,0.9854793606271978,0.9314412720123098,0.9770444763271162,0.8899052597190461
Mon+Tue→Wed,ExtraTrees,0,0.9959517510663155,0.9937433509339957,0.9531388152077808,0.9382813736350688,0.9684743547860176
Mon+Tue→Wed,LogReg,0,0.9868678515203847,0.954831693265666,0.933514681174494,0.9148502430610005,0.9529565501470108
Mon+Tue→Wed,MLP,0,0.9910808252062809,0.9827853759865489,0.8729401170643855,0.9727072044952839,0.7917347272133289
Mon+Tue→Wed,HistGB,1,0.9904373040990825,0.9764831793242779,0.9351703152734342,0.9689963215974776,0.9036262659261679
Mon+Tue→Wed,XGBoost,1,0.9918262861296617,0.9800654761048752,0.8490092101590846,0.9861681435055112,0.7453446586082979
Mon+Tue→Wed,RandomForest,1,0.9941920669225383,0.9871615187276135,0.9169049475781995,0.9763794057944271,0.8642600457366874
Mon+Tue→Wed,ExtraTrees,1,0.995958680916899,0.9936523013860363,0.9511960186225719,0.9351325757575758,0.9678209735380594
Mon+Tue→Wed,LogReg,1,0.9861461675755083,0.9506734108509377,0.9324881141045959,0.9055093875038474,0.9611238157464881
Mon+Tue→Wed,MLP,1,0.9921873974602498,0.9874101623981042,0.9229719355113879,0.9658989466166756,0.8836981378634433
Mon+Tue→Wed,HistGB,2,0.9913642797660182,0.9795230140737465,0.9268209375800529,0.9710144927536232,0.8864750081672657
Mon+Tue→Wed,XGBoost,2,0.9927592448124722,0.9858566192209623,0.871940080379978,0.9890178201409034,0.7796471741261026
Mon+Tue→Wed,RandomForest,2,0.9943405893739156,0.9889159745563032,0.9266535129106974,0.9757904245709124,0.8822280300555374
Mon+Tue→Wed,ExtraTrees,2,0.9960080632443795,0.9937184498670468,0.9511405921371946,0.9421474358974359,0.9603070891865404
Mon+Tue→Wed,LogReg,2,0.9857490683636208,0.9503027281763947,0.9339291413980211,0.9129485179407176,0.9558967657628226
Mon+Tue→Wed,MLP,2,0.986087831130136,0.9768321811349872,0.8326371484266221,0.9643087508062782,0.7326037242731134
Mon+Wed→Tue,HistGB,0,0.8655294234408082,0.7149115931711696,0.3832768028314408,0.8351542416452442,0.24870813397129188
Mon+Wed→Tue,XGBoost,0,0.8640435102445693,0.7099274888637934,0.2758129598860669,0.7962539972590224,0.16679425837320574
Mon+Wed→Tue,RandomForest,0,0.8803576508135639,0.7387905639824295,0.29992981361615845,0.8103666245259166,0.18401913875598086
Mon+Wed→Tue,ExtraTrees,0,0.8582798824250204,0.7398930939885143,0.4789944209181959,0.8048339733453806,0.34095693779904307
Mon+Wed→Tue,LogReg,0,0.8083082420227399,0.6752073520973354,0.4462281477450514,0.7715831569042578,0.3138755980861244
Mon+Wed→Tue,MLP,0,0.8400063533626194,0.7071937993685139,0.4473537604456824,0.8214833759590793,0.30736842105263157
Mon+Wed→Tue,HistGB,1,0.8755655248153643,0.7300536678659802,0.39011875091628795,0.8336466165413534,0.25464114832535883
Mon+Wed→Tue,XGBoost,1,0.8597730346514847,0.7061883168998819,0.27281399046104926,0.8056338028169014,0.16421052631578947
Mon+Wed→Tue,RandomForest,1,0.8828296454828869,0.7433018249829169,0.33909825541877503,0.8043711931207452,0.21483253588516746
Mon+Wed→Tue,ExtraTrees,1,0.8533912290774053,0.7298919983621805,0.46484375,0.784674852205548,0.3302392344497608
Mon+Wed→Tue,LogReg,1,0.8089427551347881,0.6769429883255947,0.4411462964229533,0.7731958762886598,0.30861244019138756
Mon+Wed→Tue,MLP,1,0.8262079698622943,0.6771183517011458,0.3570737515814542,0.8031469702042183,0.22956937799043062
Mon+Wed→Tue,HistGB,2,0.8778418077830384,0.7297722169533707,0.37681374000592244,0.8322432962720733,0.24354066985645934
Mon+Wed→Tue,XGBoost,2,0.8590507206208425,0.7022327832420875,0.2672935926043991,0.7993326978074357,0.16047846889952153
Mon+Wed→Tue,RandomForest,2,0.8897254951402898,0.7524140535867331,0.2852878799780064,0.7961420429636125,0.1737799043062201
Mon+Wed→Tue,ExtraTrees,2,0.858176196797426,0.7268743400598026,0.45468113975576663,0.7811188811188812,0.32066985645933016
Mon+Wed→Tue,LogReg,2,0.8069175094401746,0.6709219048369879,0.4390911579523679,0.770783277270543,0.30698564593301436
Mon+Wed→Tue,MLP,2,0.847969247536802,0.7122773559201285,0.42304433775769557,0.806677436725902,0.28669856459330145
